market,pct_net_sales
India,25.571713
USA,16.028598
"South Korea",7.769713
Canada,5.570256
"United Kingdom",5.429452
Philiphines,5.083511
France,4.590697
China,3.625704
Australia,3.350165
Indonesia,2.942319
Norway,2.450719
Portugal,2.257720
Spain,2.200670
Germany,2.105991
Italy,2.053797
Newzealand,2.040445
Netherlands,1.604681
Japan,1.258740
Bangladesh,1.105797
Poland,0.941930
Pakistan,0.899446
Austria,0.450330
Sweden,0.282822
Mexico,0.145659
Brazil,0.121383
Chile,0.098320
Columbia,0.019421
